{
  "timestamp": "2026-02-12T16:27:47.826Z",
  "frameCount": 1000,
  "resolution": 640,
  "polygonCount": 201,
  "withoutReuse": {
    "frameCount": 1000,
    "avgFrameTimeMs": 3.812916900000001,
    "heapSamples": [
      245546256,
      320357128,
      379132224,
      385194128,
      443737544,
      506972920,
      507884120,
      569598744,
      626537184,
      631737288,
      688990240,
      750811696,
      751844544,
      263882824,
      316210728,
      378293904,
      379329232,
      440591792,
      497798384,
      559593848
    ],
    "heapGrowth": 264745280,
    "avgHeapUsed": 482202236.4,
    "peakHeapUsed": 751844544,
    "heapVariability": 149665927.56488794
  },
  "withReuse": {
    "frameCount": 1000,
    "avgFrameTimeMs": 3.8404722999999876,
    "heapSamples": [
      560503992,
      615779640,
      661234192,
      711761696,
      755069400,
      739731976,
      782534720,
      830377096,
      873046904,
      921241720,
      964469968,
      949284888,
      992199120,
      1040175240,
      1082773672,
      282314904,
      325217456,
      373182808,
      415832720,
      463837600
    ],
    "heapGrowth": -53599600,
    "avgHeapUsed": 717028485.6,
    "peakHeapUsed": 1082773672,
    "heapVariability": 241626470.67625475
  },
  "comparison": {
    "heapGrowthReduction": 120.24572449412507,
    "heapVariabilityReduction": -61.44387343705677
  }
}