{
  "timestamp": "2026-02-12T19:08:35.026Z",
  "frameCount": 1000,
  "resolution": 640,
  "polygonCount": 201,
  "withoutReuse": {
    "frameCount": 1000,
    "avgFrameTimeMs": 2.6322364000000107,
    "heapSamples": [
      295177704,
      319007456,
      308969360,
      368800992,
      356332000,
      416096752,
      402585576,
      461354848,
      510934840,
      505626936,
      555099016,
      549989752,
      599684616,
      595008464,
      644640544,
      639313480,
      688783928,
      746566248,
      732738744,
      790911600
    ],
    "heapGrowth": 486883648,
    "avgHeapUsed": 524381142.8,
    "peakHeapUsed": 790911600,
    "heapVariability": 150897459.43187422
  },
  "withReuse": {
    "frameCount": 1000,
    "avgFrameTimeMs": 2.556594599999996,
    "heapSamples": [
      777167560,
      263382032,
      307724256,
      362018984,
      342011416,
      393777680,
      437054024,
      425900552,
      469334344,
      521151872,
      501379240,
      553151184,
      596507720,
      585398968,
      628417112,
      616741080,
      660254320,
      712056800,
      755483832,
      743687776
    ],
    "heapGrowth": 10117224,
    "avgHeapUsed": 532630037.6,
    "peakHeapUsed": 777167560,
    "heapVariability": 151569604.4111718
  },
  "comparison": {
    "heapGrowthReduction": 97.9220448167526,
    "heapVariabilityReduction": -0.44543160754872224
  }
}