{"camera":{"position":[50,50],"direction":[9.28959715003868,3.7018083135128643],"plane":[5.552712470269292,-13.934395725058017],"screen":[[53.73688467976939,67.63620403857088],[64.84230962030797,39.767412588454846]],"midline":[[50,50],[59.28959715003868,53.70180831351286]]},"geometry":{"polygons":[]},"config":{"fadeOn":null}}