{"camera":{"position":[130.8457019191594,130.09869283979],"direction":[2.955202066613393,9.553364891256049],"plane":[14.330047336884077,-4.43280309992009],"screen":[[119.47085664888873,144.08486083096614],[148.13095132265687,135.21925463112598]],"midline":[[130.8457019191594,130.09869283979],[133.8009039857728,139.65205773104606]],"cone":{"left":{"position":[130.8457019191594,130.09869283979],"direction":[-11.374845270270683,13.986167991176139],"dn":[-0.6309628903450774,0.775813012914443],"dperp":[-0.775813012914443,-0.6309628903450774],"ood":[-0.08791328376251428,0.07149921269577908],"line":[[130.8457019191594,130.09869283979],[119.47085664888873,144.08486083096614]],"angle":0.9827937232473295,"cosAngle":0.5547001962252288},"right":{"position":[130.8457019191594,130.09869283979],"direction":[17.28524940349747,5.120561791335959],"dn":[0.958813123592208,0.284037663043747],"dperp":[-0.284037663043747,0.958813123592208],"ood":[0.057852795563231016,0.19529107171248472],"line":[[130.8457019191594,130.09869283979],[148.13095132265687,135.21925463112598]],"angle":-0.9827937232473282,"cosAngle":0.5547001962252299}},"planes":{"camera":{"n":[0.2955202066613395,0.9553364891256061],"d":162.95557732929362},"left":{"n":[-0.7758130129144429,-0.6309628903450776],"d":-183.59924549711855},"right":{"n":[-0.2840376630437479,0.9588131235922078],"d":87.57522666454538}}},"geometry":{"polygons":[{"id":"ac136b40-8c7e-42b3-9700-5c36963e9323","edges":[{"id":"b8cba4cc-f0e6-5f37-d251-393eeb049065","start":{"vector":[156,153],"id":"82449c55-b5fa-e837-ec1a-3a1c71c1419d"},"end":{"vector":[240,140],"id":"a1d5d65a-6854-cb98-303f-20e71c2428aa"},"immaterial":false,"material":{"color":[255,20,20,0.2],"texture":null}},{"id":"19ff963e-c5a2-47cf-4a43-9416ce29f3b5","start":{"vector":[240,140],"id":"a1d5d65a-6854-cb98-303f-20e71c2428aa"},"end":{"vector":[240,240],"id":"2f345d08-c228-a889-1dea-4e7842492bd1"},"immaterial":false,"material":{"color":[255,20,20,0.2],"texture":null}},{"id":"b53c6c66-2cf3-d6fe-2ed1-4eb5551a2c27","start":{"vector":[240,240],"id":"2f345d08-c228-a889-1dea-4e7842492bd1"},"end":{"vector":[140,240],"id":"7e87bc33-e5da-0ac0-a4a7-2290ee5b5a4d"},"immaterial":false,"material":{"color":[255,20,20,0.2],"texture":null}},{"id":"4d445ed1-f723-12f2-90b5-39a1b64cae56","start":{"vector":[140,240],"id":"7e87bc33-e5da-0ac0-a4a7-2290ee5b5a4d"},"end":{"vector":[156,153],"id":"82449c55-b5fa-e837-ec1a-3a1c71c1419d"},"immaterial":false,"material":{"color":[255,20,20,0.2],"texture":null}}]}],"bsp":null},"config":{"fadeOn":null},"textureSources":[]}